매장명,승인번호,금액,결제수단,상태,배달여부,승인일시,취소일시
밥친구,25101790859,19000,CASH,APPROVED,매장,2025.10.17 05:37,
밥친구,25101740291,15000,CARD,APPROVED,매장,2025.10.17 08:43,
밥친구,25101748471,13000,KAKAOPAY,APPROVED,매장,2025.10.17 09:15,
밥친구,25101780036,21000,TRANSFER,APPROVED,배달,2025.10.17 09:15,
밥친구,25101786995,23000,KAKAOPAY,APPROVED,배달,2025.10.17 09:23,
밥친구,25101742451,30000,CARD,APPROVED,매장,2025.10.17 10:42,
밥친구,25101721827,16000,CASH,APPROVED,매장,2025.10.17 10:49,
밥친구,25101756227,21000,CARD,APPROVED,매장,2025.10.17 11:46,
밥친구,25101720995,7000,CARD,APPROVED,배달,2025.10.17 12:13,
밥친구,25101744369,18000,CASH,APPROVED,배달,2025.10.17 12:40,
밥친구,25101755445,8000,CARD,APPROVED,매장,2025.10.17 13:31,
밥친구,25101787002,11000,TRANSFER,APPROVED,매장,2025.10.17 14:09,
밥친구,25101791772,15000,KAKAOPAY,APPROVED,매장,2025.10.17 14:46,
밥친구,25101794641,20000,CARD,APPROVED,매장,2025.10.17 14:47,
밥친구,25101788174,13000,CASH,APPROVED,매장,2025.10.17 15:18,
밥친구,25101720927,24000,KAKAOPAY,APPROVED,매장,2025.10.17 15:27,
밥친구,25101724866,36000,CARD,APPROVED,매장,2025.10.17 15:33,
밥친구,25101796933,22000,KAKAOPAY,APPROVED,매장,2025.10.17 16:40,
밥친구,25101763298,15000,CARD,APPROVED,배달,2025.10.17 16:56,
밥친구,25101774516,27000,TRANSFER,APPROVED,매장,2025.10.17 17:09,
밥친구,25101769365,25000,CARD,APPROVED,매장,2025.10.17 17:44,
밥친구,25101794401,15000,CASH,APPROVED,배달,2025.10.17 17:54,
밥친구,25101722557,53000,KAKAOPAY,APPROVED,매장,2025.10.17 18:03,
밥친구,25101780985,96000,CASH,APPROVED,배달,2025.10.17 18:07,
밥친구,25101752848,94000,KAKAOPAY,APPROVED,매장,2025.10.17 18:30,
밥친구,25101733126,6000,CARD,APPROVED,배달,2025.10.17 18:30,
밥친구,25101751718,15000,TRANSFER,APPROVED,배달,2025.10.17 19:14,
밥친구,25101734814,10000,CARD,APPROVED,매장,2025.10.17 19:15,
밥친구,25101784255,7000,CASH,APPROVED,배달,2025.10.17 19:19,
밥친구,25101741771,23000,CARD,APPROVED,매장,2025.10.17 19:24,
밥친구,25101792115,25000,CARD,APPROVED,매장,2025.10.17 19:35,
밥친구,25101737694,12000,CARD,APPROVED,매장,2025.10.17 20:15,
밥친구,25101774815,21000,KAKAOPAY,APPROVED,배달,2025.10.17 20:37,
밥친구,25101771592,44000,CARD,APPROVED,매장,2025.10.17 20:58,
밥친구,25101735331,16000,CASH,APPROVED,배달,2025.10.17 21:55,
밥친구,25101793721,100000,KAKAOPAY,APPROVED,매장,2025.10.17 22:04,
밥친구,25101758476,15000,KAKAOPAY,APPROVED,매장,2025.10.17 22:48,
밥친구,25101726022,27000,CASH,APPROVED,배달,2025.10.17 23:07,
밥친구,25101808600,9000,KAKAOPAY,APPROVED,배달,2025.10.18 08:05,
밥친구,25101805243,18000,CARD,APPROVED,매장,2025.10.18 08:11,
밥친구,25101804221,20000,CARD,APPROVED,매장,2025.10.18 09:37,
밥친구,25101812765,82000,TRANSFER,APPROVED,배달,2025.10.18 09:56,
밥친구,25101863402,15000,KAKAOPAY,CANCELED,배달,2025.10.18 10:28,2025.10.19 13:33
밥친구,25101851243,17000,CARD,APPROVED,배달,2025.10.18 11:01,
밥친구,25101806922,37000,KAKAOPAY,APPROVED,매장,2025.10.18 11:02,
밥친구,25101830752,23000,CARD,APPROVED,매장,2025.10.18 11:05,
밥친구,25101843778,12000,CARD,APPROVED,배달,2025.10.18 11:54,
밥친구,25101879661,19000,CASH,APPROVED,매장,2025.10.18 12:10,
밥친구,25101873579,82000,KAKAOPAY,APPROVED,배달,2025.10.18 12:16,
밥친구,25101869160,7000,KAKAOPAY,CANCELED,매장,2025.10.18 12:18,2025.10.20 04:30
밥친구,25101862880,17000,CARD,APPROVED,매장,2025.10.18 12:26,
밥친구,25101847076,25000,KAKAOPAY,APPROVED,매장,2025.10.18 14:01,
밥친구,25101882068,6000,KAKAOPAY,APPROVED,매장,2025.10.18 15:44,
밥친구,25101816236,15000,CASH,APPROVED,매장,2025.10.18 15:46,
밥친구,25101822794,12000,CARD,APPROVED,배달,2025.10.18 16:56,
밥친구,25101846714,11000,KAKAOPAY,APPROVED,매장,2025.10.18 17:59,
밥친구,25101883939,26000,CASH,APPROVED,배달,2025.10.18 18:46,
밥친구,25101870910,14000,CASH,APPROVED,배달,2025.10.18 19:31,
밥친구,25101831742,43000,CARD,APPROVED,매장,2025.10.18 19:41,
밥친구,25101877735,44000,KAKAOPAY,APPROVED,배달,2025.10.18 19:45,
밥친구,25101879656,24000,CARD,CANCELED,매장,2025.10.18 19:50,2025.10.19 19:53
밥친구,25101841095,23000,TRANSFER,APPROVED,매장,2025.10.18 20:25,
밥친구,25101872852,9000,KAKAOPAY,APPROVED,배달,2025.10.18 20:53,
밥친구,25101833081,6000,CARD,APPROVED,배달,2025.10.18 21:13,
밥친구,25101898000,38000,CARD,APPROVED,매장,2025.10.18 21:53,
밥친구,25101885719,29000,KAKAOPAY,APPROVED,배달,2025.10.18 22:34,
밥친구,25101875449,19000,CARD,APPROVED,매장,2025.10.18 22:38,
밥친구,25101804494,13000,TRANSFER,APPROVED,매장,2025.10.18 22:58,
밥친구,25101800548,7000,KAKAOPAY,APPROVED,배달,2025.10.18 23:55,
밥친구,25101902332,7000,CARD,APPROVED,매장,2025.10.19 08:00,
밥친구,25101986513,32000,KAKAOPAY,APPROVED,배달,2025.10.19 09:55,
밥친구,25101949140,9000,CASH,CANCELED,매장,2025.10.19 10:28,2025.10.20 01:38
밥친구,25101964610,25000,CASH,APPROVED,매장,2025.10.19 10:34,
밥친구,25101945811,96000,CARD,APPROVED,매장,2025.10.19 10:37,
밥친구,25101965432,86000,CASH,APPROVED,매장,2025.10.19 11:20,
밥친구,25101914420,11000,KAKAOPAY,APPROVED,배달,2025.10.19 11:21,
밥친구,25101981745,7000,KAKAOPAY,APPROVED,매장,2025.10.19 11:27,
밥친구,25101999366,12000,CARD,APPROVED,배달,2025.10.19 12:06,
밥친구,25101904700,39000,KAKAOPAY,APPROVED,매장,2025.10.19 12:08,
밥친구,25101914760,8000,CARD,APPROVED,배달,2025.10.19 12:57,
밥친구,25101926253,50000,TRANSFER,APPROVED,배달,2025.10.19 12:57,
밥친구,25101960656,17000,CARD,APPROVED,배달,2025.10.19 13:07,
밥친구,25101908363,91000,CARD,APPROVED,매장,2025.10.19 13:23,
밥친구,25101932637,5000,CARD,APPROVED,매장,2025.10.19 14:06,
밥친구,25101945313,5000,KAKAOPAY,APPROVED,배달,2025.10.19 14:31,
밥친구,25101931071,6000,CARD,APPROVED,배달,2025.10.19 14:52,
밥친구,25101996946,6000,CARD,APPROVED,배달,2025.10.19 15:25,
밥친구,25101967660,23000,CARD,APPROVED,매장,2025.10.19 16:06,
밥친구,25101951922,48000,CARD,APPROVED,매장,2025.10.19 17:19,
밥친구,25101993007,22000,KAKAOPAY,APPROVED,배달,2025.10.19 18:47,
밥친구,25101978749,30000,CARD,APPROVED,배달,2025.10.19 18:47,
밥친구,25101983771,49000,CARD,APPROVED,매장,2025.10.19 18:59,
밥친구,25101989502,15000,CARD,APPROVED,배달,2025.10.19 20:10,
밥친구,25101967365,131000,CARD,APPROVED,배달,2025.10.19 20:14,
밥친구,25101902299,28000,CARD,APPROVED,매장,2025.10.19 20:23,
밥친구,25101949149,43000,CARD,APPROVED,매장,2025.10.19 20:38,
밥친구,25101952886,44000,CARD,APPROVED,배달,2025.10.19 21:09,
밥친구,25101912862,9000,KAKAOPAY,APPROVED,매장,2025.10.19 21:24,
밥친구,25101990395,26000,CARD,APPROVED,배달,2025.10.19 21:32,
밥친구,25101961090,12000,CASH,CANCELED,배달,2025.10.19 21:40,2025.10.20 16:19
밥친구,25101981116,14000,CASH,CANCELED,매장,2025.10.19 21:42,2025.10.21 22:43
밥친구,25101969055,21000,KAKAOPAY,APPROVED,배달,2025.10.19 21:49,
밥친구,25101925299,23000,CARD,APPROVED,매장,2025.10.19 22:13,
밥친구,25101960125,26000,CARD,APPROVED,배달,2025.10.19 23:48,
밥친구,25102000412,73000,KAKAOPAY,APPROVED,매장,2025.10.20 08:24,
밥친구,25102038983,7000,CARD,APPROVED,매장,2025.10.20 09:39,
밥친구,25102011386,11000,KAKAOPAY,APPROVED,매장,2025.10.20 10:16,
밥친구,25102094785,43000,KAKAOPAY,APPROVED,매장,2025.10.20 10:26,
밥친구,25102023809,10000,CARD,APPROVED,매장,2025.10.20 10:28,
밥친구,25102004849,7000,CARD,APPROVED,매장,2025.10.20 10:29,
밥친구,25102008685,27000,KAKAOPAY,APPROVED,배달,2025.10.20 10:31,
밥친구,25102037410,15000,KAKAOPAY,APPROVED,배달,2025.10.20 11:38,
밥친구,25102006681,11000,CARD,CANCELED,매장,2025.10.20 11:56,2025.10.22 01:15
밥친구,25102050742,11000,KAKAOPAY,APPROVED,매장,2025.10.20 11:58,
밥친구,25102058420,20000,KAKAOPAY,APPROVED,매장,2025.10.20 12:00,
밥친구,25102034291,30000,CARD,APPROVED,매장,2025.10.20 12:06,
밥친구,25102009586,5000,CARD,APPROVED,매장,2025.10.20 12:28,
밥친구,25102060571,38000,CARD,APPROVED,매장,2025.10.20 12:44,
밥친구,25102035833,43000,CARD,APPROVED,배달,2025.10.20 12:57,
밥친구,25102076516,14000,CARD,APPROVED,배달,2025.10.20 13:02,
밥친구,25102052290,89000,TRANSFER,APPROVED,배달,2025.10.20 13:07,
밥친구,25102096240,11000,CASH,APPROVED,배달,2025.10.20 13:21,
밥친구,25102086052,20000,CASH,APPROVED,배달,2025.10.20 13:23,
밥친구,25102073862,15000,CASH,APPROVED,배달,2025.10.20 13:28,
밥친구,25102018377,6000,CASH,APPROVED,매장,2025.10.20 13:56,
밥친구,25102031912,21000,CARD,APPROVED,매장,2025.10.20 14:31,
밥친구,25102084549,21000,KAKAOPAY,APPROVED,매장,2025.10.20 14:47,
밥친구,25102048538,5000,TRANSFER,APPROVED,매장,2025.10.20 14:48,
밥친구,25102060580,49000,KAKAOPAY,APPROVED,매장,2025.10.20 16:08,
밥친구,25102065034,6000,CASH,APPROVED,배달,2025.10.20 16:22,
밥친구,25102041020,15000,KAKAOPAY,APPROVED,매장,2025.10.20 17:00,
밥친구,25102064566,22000,CARD,APPROVED,매장,2025.10.20 17:15,
밥친구,25102042123,16000,CARD,APPROVED,매장,2025.10.20 17:44,
밥친구,25102058731,14000,CASH,APPROVED,배달,2025.10.20 19:32,
밥친구,25102035105,31000,CARD,APPROVED,매장,2025.10.20 19:59,
밥친구,25102046629,71000,CARD,APPROVED,매장,2025.10.20 20:13,
밥친구,25102084209,9000,KAKAOPAY,APPROVED,매장,2025.10.20 20:25,
밥친구,25102075077,27000,KAKAOPAY,APPROVED,매장,2025.10.20 21:02,
밥친구,25102046125,17000,CARD,CANCELED,배달,2025.10.20 21:13,2025.10.22 16:12
밥친구,25102060101,48000,CARD,APPROVED,매장,2025.10.20 21:29,
밥친구,25102025139,15000,KAKAOPAY,APPROVED,배달,2025.10.20 22:13,
밥친구,25102033715,15000,KAKAOPAY,APPROVED,배달,2025.10.20 22:47,
밥친구,25102083923,80000,CARD,APPROVED,매장,2025.10.20 23:03,
밥친구,25102019445,5000,CARD,APPROVED,배달,2025.10.20 23:53,
밥친구,25102107782,84000,CARD,APPROVED,배달,2025.10.21 08:53,
밥친구,25102189784,21000,KAKAOPAY,APPROVED,매장,2025.10.21 10:36,
밥친구,25102198333,162000,KAKAOPAY,APPROVED,매장,2025.10.21 11:24,
밥친구,25102196934,34000,KAKAOPAY,APPROVED,배달,2025.10.21 11:39,
밥친구,25102195000,16000,KAKAOPAY,APPROVED,배달,2025.10.21 11:49,
밥친구,25102130766,5000,CARD,APPROVED,매장,2025.10.21 12:06,
밥친구,25102189517,13000,KAKAOPAY,APPROVED,매장,2025.10.21 12:26,
밥친구,25102171157,15000,CARD,APPROVED,배달,2025.10.21 12:28,
밥친구,25102123933,7000,CARD,APPROVED,매장,2025.10.21 12:35,
밥친구,25102119467,37000,KAKAOPAY,APPROVED,매장,2025.10.21 13:03,
밥친구,25102109124,47000,KAKAOPAY,APPROVED,매장,2025.10.21 13:28,
밥친구,25102160068,10000,CASH,APPROVED,매장,2025.10.21 13:34,
밥친구,25102134485,73000,CASH,APPROVED,매장,2025.10.21 13:41,
밥친구,25102160241,15000,KAKAOPAY,APPROVED,배달,2025.10.21 14:24,
밥친구,25102162861,94000,CARD,APPROVED,배달,2025.10.21 14:25,
밥친구,25102146287,86000,TRANSFER,APPROVED,배달,2025.10.21 14:38,
밥친구,25102184070,44000,CARD,APPROVED,매장,2025.10.21 14:56,
밥친구,25102165843,23000,KAKAOPAY,APPROVED,매장,2025.10.21 16:06,
밥친구,25102156333,11000,KAKAOPAY,APPROVED,매장,2025.10.21 16:26,
밥친구,25102192843,25000,CASH,APPROVED,매장,2025.10.21 17:25,
밥친구,25102187026,30000,KAKAOPAY,APPROVED,배달,2025.10.21 17:33,
밥친구,25102162080,26000,CASH,APPROVED,매장,2025.10.21 18:16,
밥친구,25102103543,7000,CARD,APPROVED,매장,2025.10.21 18:23,
밥친구,25102183301,26000,CASH,APPROVED,매장,2025.10.21 19:41,
밥친구,25102133785,14000,CARD,APPROVED,배달,2025.10.21 20:12,
밥친구,25102104374,6000,CASH,APPROVED,매장,2025.10.21 20:56,
밥친구,25102126678,94000,TRANSFER,APPROVED,매장,2025.10.21 21:03,
밥친구,25102133658,177000,TRANSFER,APPROVED,배달,2025.10.21 21:15,
밥친구,25102157891,15000,CARD,APPROVED,배달,2025.10.21 21:15,
밥친구,25102146396,14000,KAKAOPAY,APPROVED,매장,2025.10.21 22:09,
밥친구,25102108739,30000,KAKAOPAY,APPROVED,배달,2025.10.21 23:16,
밥친구,25102113040,47000,CASH,APPROVED,매장,2025.10.21 23:35,
밥친구,25102175702,30000,CARD,APPROVED,매장,2025.10.21 23:37,
밥친구,25102296594,5000,CASH,APPROVED,매장,2025.10.22 06:20,
밥친구,25102233078,37000,CASH,APPROVED,매장,2025.10.22 07:46,
밥친구,25102297396,20000,KAKAOPAY,APPROVED,배달,2025.10.22 08:15,
밥친구,25102297617,31000,TRANSFER,APPROVED,매장,2025.10.22 08:57,
밥친구,25102209446,50000,CARD,APPROVED,배달,2025.10.22 09:53,
밥친구,25102271055,40000,KAKAOPAY,APPROVED,매장,2025.10.22 10:00,
밥친구,25102259407,9000,CARD,APPROVED,배달,2025.10.22 12:05,
밥친구,25102201467,30000,CASH,APPROVED,배달,2025.10.22 12:17,
밥친구,25102241163,19000,CARD,APPROVED,배달,2025.10.22 12:30,
밥친구,25102270299,14000,CASH,APPROVED,매장,2025.10.22 13:33,
밥친구,25102216986,15000,CASH,APPROVED,매장,2025.10.22 13:50,
밥친구,25102286677,10000,KAKAOPAY,APPROVED,배달,2025.10.22 13:53,
밥친구,25102200072,45000,CARD,APPROVED,배달,2025.10.22 13:54,
밥친구,25102205104,44000,CARD,APPROVED,매장,2025.10.22 14:14,
밥친구,25102274267,85000,CARD,APPROVED,매장,2025.10.22 15:42,
밥친구,25102265815,12000,CARD,APPROVED,배달,2025.10.22 16:31,
밥친구,25102233670,171000,CASH,APPROVED,배달,2025.10.22 16:33,
밥친구,25102282016,56000,KAKAOPAY,APPROVED,매장,2025.10.22 16:56,
밥친구,25102282735,33000,CARD,APPROVED,배달,2025.10.22 17:29,
밥친구,25102283487,22000,CASH,APPROVED,배달,2025.10.22 18:03,
밥친구,25102298696,5000,CARD,APPROVED,매장,2025.10.22 18:08,
밥친구,25102264788,23000,CARD,APPROVED,매장,2025.10.22 18:15,
밥친구,25102252355,22000,KAKAOPAY,APPROVED,매장,2025.10.22 18:35,
밥친구,25102270752,27000,CARD,APPROVED,매장,2025.10.22 18:45,
밥친구,25102235516,11000,KAKAOPAY,APPROVED,매장,2025.10.22 19:14,
밥친구,25102288139,18000,CARD,APPROVED,배달,2025.10.22 19:18,
밥친구,25102241538,23000,CASH,APPROVED,매장,2025.10.22 19:33,
밥친구,25102283331,6000,CARD,APPROVED,매장,2025.10.22 19:45,
밥친구,25102241650,124000,KAKAOPAY,APPROVED,매장,2025.10.22 19:45,
밥친구,25102294694,15000,CASH,CANCELED,배달,2025.10.22 20:27,2025.10.23 02:03
밥친구,25102201305,13000,CASH,APPROVED,매장,2025.10.22 20:53,
밥친구,25102296038,5000,CARD,APPROVED,배달,2025.10.22 21:00,
밥친구,25102218639,15000,CARD,APPROVED,매장,2025.10.22 21:37,
밥친구,25102211765,186000,CARD,APPROVED,매장,2025.10.22 22:34,
밥친구,25102350932,10000,KAKAOPAY,APPROVED,배달,2025.10.23 02:51,
밥친구,25102344374,178000,CARD,APPROVED,매장,2025.10.23 04:51,
밥친구,25102395534,8000,CARD,APPROVED,매장,2025.10.23 07:28,
밥친구,25102339826,24000,KAKAOPAY,APPROVED,매장,2025.10.23 10:18,
밥친구,25102324520,12000,TRANSFER,APPROVED,매장,2025.10.23 11:52,
밥친구,25102368608,8000,CARD,APPROVED,매장,2025.10.23 12:06,
밥친구,25102373606,29000,KAKAOPAY,APPROVED,매장,2025.10.23 12:10,
밥친구,25102353095,77000,CARD,APPROVED,매장,2025.10.23 12:24,
밥친구,25102381709,37000,CARD,APPROVED,배달,2025.10.23 12:56,
밥친구,25102334045,14000,KAKAOPAY,APPROVED,매장,2025.10.23 14:13,
밥친구,25102306620,10000,KAKAOPAY,APPROVED,매장,2025.10.23 15:53,
밥친구,25102341300,22000,CARD,APPROVED,매장,2025.10.23 15:59,
밥친구,25102350681,18000,CARD,APPROVED,배달,2025.10.23 16:33,
밥친구,25102353488,15000,KAKAOPAY,APPROVED,배달,2025.10.23 16:52,
밥친구,25102334029,27000,TRANSFER,APPROVED,매장,2025.10.23 17:02,
밥친구,25102387976,143000,KAKAOPAY,APPROVED,매장,2025.10.23 18:59,
밥친구,25102374186,40000,CASH,APPROVED,매장,2025.10.23 19:03,
밥친구,25102359197,20000,CASH,APPROVED,매장,2025.10.23 20:16,
밥친구,25102371402,10000,CARD,APPROVED,매장,2025.10.23 20:31,
밥친구,25102322974,27000,KAKAOPAY,APPROVED,배달,2025.10.23 20:49,
밥친구,25102368895,14000,TRANSFER,CANCELED,매장,2025.10.23 20:58,2025.10.24 10:35
밥친구,25102349358,48000,CARD,APPROVED,매장,2025.10.23 21:18,
밥친구,25102352922,8000,CARD,APPROVED,매장,2025.10.23 22:09,
밥친구,25102426065,49000,CARD,APPROVED,매장,2025.10.24 04:36,
밥친구,25102424693,18000,CASH,APPROVED,배달,2025.10.24 06:30,
밥친구,25102438569,45000,TRANSFER,APPROVED,배달,2025.10.24 09:08,
밥친구,25102412607,18000,KAKAOPAY,CANCELED,매장,2025.10.24 09:29,2025.10.26 05:59
밥친구,25102480056,18000,CASH,APPROVED,매장,2025.10.24 11:15,
밥친구,25102452403,5000,CASH,APPROVED,배달,2025.10.24 11:21,
밥친구,25102473471,5000,CASH,APPROVED,매장,2025.10.24 11:36,
밥친구,25102484027,10000,CASH,APPROVED,배달,2025.10.24 12:03,
밥친구,25102429623,30000,KAKAOPAY,APPROVED,배달,2025.10.24 12:07,
밥친구,25102491617,20000,CASH,APPROVED,매장,2025.10.24 12:45,
밥친구,25102484559,17000,CARD,APPROVED,배달,2025.10.24 12:57,
밥친구,25102457569,9000,CARD,APPROVED,매장,2025.10.24 13:07,
밥친구,25102497550,31000,CARD,APPROVED,매장,2025.10.24 13:23,
밥친구,25102477542,8000,KAKAOPAY,APPROVED,매장,2025.10.24 13:27,
밥친구,25102496382,78000,KAKAOPAY,APPROVED,매장,2025.10.24 13:37,
밥친구,25102467962,9000,CARD,CANCELED,배달,2025.10.24 13:38,2025.10.24 17:35
밥친구,25102480354,14000,KAKAOPAY,APPROVED,매장,2025.10.24 13:54,
밥친구,25102492590,19000,CARD,APPROVED,매장,2025.10.24 14:14,
밥친구,25102415732,18000,CARD,APPROVED,매장,2025.10.24 14:17,
밥친구,25102433915,43000,CARD,APPROVED,매장,2025.10.24 14:39,
밥친구,25102481114,5000,CARD,APPROVED,매장,2025.10.24 14:44,
밥친구,25102467284,5000,CARD,APPROVED,배달,2025.10.24 15:14,
밥친구,25102459778,10000,CARD,APPROVED,매장,2025.10.24 15:31,
밥친구,25102440232,28000,CASH,APPROVED,매장,2025.10.24 16:14,
밥친구,25102409614,57000,KAKAOPAY,APPROVED,배달,2025.10.24 16:36,
밥친구,25102455871,6000,KAKAOPAY,APPROVED,배달,2025.10.24 17:52,
밥친구,25102439755,86000,KAKAOPAY,APPROVED,매장,2025.10.24 19:01,
밥친구,25102402227,15000,KAKAOPAY,APPROVED,배달,2025.10.24 19:24,
밥친구,25102461581,9000,KAKAOPAY,APPROVED,매장,2025.10.24 19:25,
밥친구,25102417747,15000,CARD,APPROVED,매장,2025.10.24 19:38,
밥친구,25102438410,11000,CARD,APPROVED,매장,2025.10.24 19:47,
밥친구,25102450100,52000,CASH,APPROVED,배달,2025.10.24 19:49,
밥친구,25102426692,7000,CARD,APPROVED,매장,2025.10.24 19:59,
밥친구,25102461312,11000,KAKAOPAY,APPROVED,매장,2025.10.24 20:04,
밥친구,25102406559,50000,KAKAOPAY,APPROVED,매장,2025.10.24 20:28,
밥친구,25102473927,8000,CASH,APPROVED,매장,2025.10.24 20:29,
밥친구,25102414812,29000,CARD,APPROVED,매장,2025.10.24 20:34,
밥친구,25102470709,10000,KAKAOPAY,APPROVED,배달,2025.10.24 21:55,
밥친구,25102474032,29000,CARD,APPROVED,매장,2025.10.24 21:57,
밥친구,25102450161,31000,CASH,APPROVED,매장,2025.10.24 23:18,
밥친구,25102577972,5000,KAKAOPAY,APPROVED,매장,2025.10.25 00:36,
밥친구,25102542320,30000,TRANSFER,APPROVED,매장,2025.10.25 01:30,
밥친구,25102561462,26000,CASH,APPROVED,매장,2025.10.25 03:03,
밥친구,25102561913,12000,CARD,APPROVED,배달,2025.10.25 08:38,
밥친구,25102505516,28000,CASH,APPROVED,배달,2025.10.25 08:41,
밥친구,25102515286,31000,CARD,APPROVED,매장,2025.10.25 09:07,
밥친구,25102591339,15000,CARD,APPROVED,배달,2025.10.25 09:34,
밥친구,25102591865,37000,KAKAOPAY,APPROVED,배달,2025.10.25 10:06,
밥친구,25102503994,18000,CASH,APPROVED,배달,2025.10.25 10:07,
밥친구,25102533008,35000,CARD,APPROVED,배달,2025.10.25 10:23,
밥친구,25102542475,30000,CARD,APPROVED,매장,2025.10.25 10:40,
밥친구,25102553028,11000,CASH,APPROVED,매장,2025.10.25 11:05,
밥친구,25102520237,21000,CARD,APPROVED,매장,2025.10.25 11:06,
밥친구,25102583647,79000,CARD,APPROVED,매장,2025.10.25 11:43,
밥친구,25102591166,8000,KAKAOPAY,APPROVED,매장,2025.10.25 11:50,
밥친구,25102532380,17000,CARD,APPROVED,배달,2025.10.25 12:05,
밥친구,25102562691,21000,KAKAOPAY,APPROVED,매장,2025.10.25 12:06,
밥친구,25102546148,29000,CASH,APPROVED,매장,2025.10.25 12:24,
밥친구,25102592743,9000,KAKAOPAY,APPROVED,매장,2025.10.25 12:28,
밥친구,25102585834,5000,CARD,APPROVED,배달,2025.10.25 12:37,
밥친구,25102593867,35000,CARD,APPROVED,매장,2025.10.25 13:39,
밥친구,25102514834,20000,KAKAOPAY,APPROVED,매장,2025.10.25 14:25,
밥친구,25102535198,48000,KAKAOPAY,APPROVED,매장,2025.10.25 14:47,
밥친구,25102598271,9000,CARD,APPROVED,매장,2025.10.25 15:13,
밥친구,25102532881,29000,CARD,APPROVED,매장,2025.10.25 16:41,
밥친구,25102598230,24000,CARD,APPROVED,배달,2025.10.25 16:44,
밥친구,25102545133,18000,CASH,APPROVED,배달,2025.10.25 16:48,
밥친구,25102530382,69000,KAKAOPAY,APPROVED,매장,2025.10.25 17:58,
밥친구,25102592008,15000,CARD,APPROVED,매장,2025.10.25 18:16,
밥친구,25102506318,15000,CARD,APPROVED,매장,2025.10.25 18:48,
밥친구,25102594279,13000,KAKAOPAY,APPROVED,매장,2025.10.25 19:06,
밥친구,25102524180,15000,KAKAOPAY,APPROVED,배달,2025.10.25 19:13,
밥친구,25102550030,18000,TRANSFER,APPROVED,배달,2025.10.25 19:16,
밥친구,25102599504,19000,CARD,APPROVED,배달,2025.10.25 19:44,
밥친구,25102538034,10000,KAKAOPAY,APPROVED,매장,2025.10.25 21:38,
밥친구,25102500900,24000,KAKAOPAY,APPROVED,매장,2025.10.25 21:41,
밥친구,25102521417,10000,CARD,APPROVED,매장,2025.10.25 21:59,
밥친구,25102562756,94000,TRANSFER,APPROVED,매장,2025.10.25 22:17,
밥친구,25102565700,18000,CASH,APPROVED,매장,2025.10.25 22:32,
밥친구,25102568265,7000,CARD,APPROVED,매장,2025.10.25 23:06,
밥친구,25102607172,23000,CASH,APPROVED,매장,2025.10.26 08:11,
밥친구,25102625313,10000,CARD,APPROVED,매장,2025.10.26 09:58,
밥친구,25102612496,41000,CARD,APPROVED,매장,2025.10.26 10:05,
밥친구,25102605754,8000,KAKAOPAY,CANCELED,매장,2025.10.26 10:42,2025.10.27 00:59
밥친구,25102673518,34000,CARD,APPROVED,매장,2025.10.26 10:44,
밥친구,25102666190,28000,CASH,APPROVED,배달,2025.10.26 10:54,
밥친구,25102601783,50000,KAKAOPAY,APPROVED,매장,2025.10.26 11:27,
밥친구,25102618597,6000,CASH,APPROVED,매장,2025.10.26 12:03,
밥친구,25102671367,22000,KAKAOPAY,APPROVED,배달,2025.10.26 12:18,
밥친구,25102616994,29000,CARD,APPROVED,매장,2025.10.26 12:44,
밥친구,25102643579,19000,CASH,APPROVED,매장,2025.10.26 12:57,
밥친구,25102682456,9000,CARD,APPROVED,매장,2025.10.26 13:26,
밥친구,25102671447,25000,CASH,APPROVED,매장,2025.10.26 13:40,
밥친구,25102608288,7000,KAKAOPAY,APPROVED,매장,2025.10.26 13:41,
밥친구,25102605060,15000,KAKAOPAY,CANCELED,배달,2025.10.26 13:44,2025.10.28 21:36
밥친구,25102608030,9000,CARD,APPROVED,매장,2025.10.26 13:58,
밥친구,25102617539,19000,CARD,APPROVED,매장,2025.10.26 14:09,
밥친구,25102610079,12000,KAKAOPAY,APPROVED,배달,2025.10.26 14:10,
밥친구,25102683641,15000,CARD,APPROVED,매장,2025.10.26 14:46,
밥친구,25102680722,26000,CARD,APPROVED,매장,2025.10.26 16:06,
밥친구,25102617883,9000,TRANSFER,APPROVED,매장,2025.10.26 16:22,
밥친구,25102629915,28000,KAKAOPAY,APPROVED,매장,2025.10.26 17:44,
밥친구,25102677365,28000,CARD,APPROVED,배달,2025.10.26 17:49,
밥친구,25102675991,86000,TRANSFER,APPROVED,매장,2025.10.26 17:58,
밥친구,25102649967,26000,CARD,APPROVED,배달,2025.10.26 18:00,
밥친구,25102622744,12000,KAKAOPAY,APPROVED,매장,2025.10.26 18:29,
밥친구,25102609652,10000,KAKAOPAY,APPROVED,매장,2025.10.26 18:32,
밥친구,25102611816,21000,CASH,APPROVED,배달,2025.10.26 18:42,
밥친구,25102653358,13000,KAKAOPAY,APPROVED,매장,2025.10.26 18:44,
밥친구,25102644668,12000,CARD,APPROVED,배달,2025.10.26 19:32,
밥친구,25102657294,13000,CARD,APPROVED,매장,2025.10.26 20:22,
밥친구,25102657074,130000,CARD,APPROVED,매장,2025.10.26 20:45,
밥친구,25102605820,10000,CARD,APPROVED,매장,2025.10.26 21:03,
밥친구,25102678758,9000,CASH,APPROVED,배달,2025.10.26 21:53,
밥친구,25102611251,14000,TRANSFER,APPROVED,배달,2025.10.26 21:57,
밥친구,25102639227,15000,CASH,APPROVED,매장,2025.10.26 22:41,
밥친구,25102662621,60000,KAKAOPAY,APPROVED,매장,2025.10.26 23:39,
밥친구,25102723444,48000,CARD,APPROVED,매장,2025.10.27 05:15,
밥친구,25102742171,22000,TRANSFER,CANCELED,배달,2025.10.27 08:12,2025.10.27 11:32
밥친구,25102780704,16000,KAKAOPAY,APPROVED,배달,2025.10.27 08:25,
밥친구,25102740483,7000,CARD,APPROVED,매장,2025.10.27 09:30,
밥친구,25102787984,16000,CARD,APPROVED,매장,2025.10.27 09:51,
밥친구,25102773242,165000,CARD,APPROVED,매장,2025.10.27 10:23,
밥친구,25102759978,51000,CARD,APPROVED,매장,2025.10.27 10:47,
밥친구,25102724739,21000,CARD,APPROVED,매장,2025.10.27 11:28,
밥친구,25102799067,10000,KAKAOPAY,APPROVED,배달,2025.10.27 11:36,
밥친구,25102707445,47000,KAKAOPAY,APPROVED,배달,2025.10.27 11:38,
밥친구,25102787447,15000,KAKAOPAY,APPROVED,배달,2025.10.27 11:55,
밥친구,25102772871,6000,CARD,APPROVED,배달,2025.10.27 12:34,
밥친구,25102707399,15000,CASH,APPROVED,매장,2025.10.27 12:46,
밥친구,25102709769,86000,TRANSFER,APPROVED,매장,2025.10.27 12:51,
밥친구,25102799767,11000,KAKAOPAY,APPROVED,매장,2025.10.27 12:55,
밥친구,25102742308,28000,KAKAOPAY,APPROVED,배달,2025.10.27 13:25,
밥친구,25102769341,34000,CARD,APPROVED,배달,2025.10.27 13:32,
밥친구,25102788393,63000,KAKAOPAY,APPROVED,매장,2025.10.27 14:06,
밥친구,25102714010,40000,CASH,APPROVED,배달,2025.10.27 18:08,
밥친구,25102702497,30000,KAKAOPAY,APPROVED,매장,2025.10.27 18:42,
밥친구,25102783659,18000,CARD,APPROVED,매장,2025.10.27 19:17,
밥친구,25102735543,28000,CASH,APPROVED,매장,2025.10.27 19:28,
밥친구,25102771422,16000,KAKAOPAY,APPROVED,매장,2025.10.27 19:37,
밥친구,25102787180,39000,KAKAOPAY,APPROVED,매장,2025.10.27 19:40,
밥친구,25102762943,161000,TRANSFER,APPROVED,매장,2025.10.27 19:46,
밥친구,25102760928,40000,CARD,APPROVED,매장,2025.10.27 19:49,
밥친구,25102766998,28000,CARD,APPROVED,배달,2025.10.27 19:52,
밥친구,25102779356,20000,KAKAOPAY,APPROVED,매장,2025.10.27 20:19,
밥친구,25102701848,15000,KAKAOPAY,APPROVED,매장,2025.10.27 20:23,
밥친구,25102754028,12000,CASH,APPROVED,배달,2025.10.27 20:31,
밥친구,25102767800,7000,CARD,APPROVED,매장,2025.10.27 20:34,
밥친구,25102701510,42000,CARD,APPROVED,매장,2025.10.27 20:34,
밥친구,25102777283,29000,KAKAOPAY,APPROVED,매장,2025.10.27 20:44,
밥친구,25102753802,49000,CARD,APPROVED,배달,2025.10.27 20:50,
밥친구,25102707580,7000,CARD,APPROVED,매장,2025.10.27 21:00,
밥친구,25102770792,34000,CARD,APPROVED,배달,2025.10.27 21:28,
밥친구,25102736082,30000,CARD,APPROVED,매장,2025.10.27 22:02,
밥친구,25102760421,30000,CARD,APPROVED,매장,2025.10.27 22:27,
밥친구,25102802277,9000,CARD,APPROVED,배달,2025.10.28 08:06,
밥친구,25102889575,20000,CASH,APPROVED,배달,2025.10.28 09:27,
밥친구,25102845552,20000,CASH,APPROVED,매장,2025.10.28 09:43,
밥친구,25102887964,25000,CASH,APPROVED,배달,2025.10.28 10:47,
밥친구,25102899441,7000,CARD,APPROVED,매장,2025.10.28 10:55,
밥친구,25102867009,23000,KAKAOPAY,APPROVED,매장,2025.10.28 11:03,
밥친구,25102868371,7000,CARD,APPROVED,매장,2025.10.28 12:04,
밥친구,25102863838,39000,CARD,APPROVED,매장,2025.10.28 12:22,
밥친구,25102886897,6000,CASH,APPROVED,매장,2025.10.28 12:26,
밥친구,25102825479,31000,KAKAOPAY,APPROVED,매장,2025.10.28 13:01,
밥친구,25102861793,31000,CASH,APPROVED,매장,2025.10.28 13:18,
밥친구,25102885933,12000,KAKAOPAY,APPROVED,매장,2025.10.28 13:25,
밥친구,25102874959,11000,KAKAOPAY,APPROVED,매장,2025.10.28 13:27,
밥친구,25102885844,21000,CARD,APPROVED,매장,2025.10.28 14:12,
밥친구,25102853710,118000,CARD,APPROVED,매장,2025.10.28 14:18,
밥친구,25102806799,9000,KAKAOPAY,APPROVED,매장,2025.10.28 14:18,
밥친구,25102854569,24000,CARD,APPROVED,매장,2025.10.28 14:25,
밥친구,25102895753,23000,KAKAOPAY,APPROVED,매장,2025.10.28 15:27,
밥친구,25102871883,15000,CARD,APPROVED,배달,2025.10.28 15:50,
밥친구,25102849411,24000,KAKAOPAY,APPROVED,매장,2025.10.28 17:58,
밥친구,25102827369,18000,CARD,APPROVED,매장,2025.10.28 18:08,
밥친구,25102807780,16000,KAKAOPAY,APPROVED,매장,2025.10.28 18:37,
밥친구,25102842530,83000,CARD,APPROVED,매장,2025.10.28 19:06,
밥친구,25102869492,14000,KAKAOPAY,APPROVED,매장,2025.10.28 19:34,
밥친구,25102817018,19000,KAKAOPAY,APPROVED,매장,2025.10.28 20:10,
밥친구,25102871414,22000,CASH,APPROVED,배달,2025.10.28 20:14,
밥친구,25102818630,61000,CASH,APPROVED,매장,2025.10.28 20:44,
밥친구,25102846706,49000,CASH,APPROVED,배달,2025.10.28 20:53,
밥친구,25102888544,93000,KAKAOPAY,APPROVED,매장,2025.10.28 21:14,
밥친구,25102817483,14000,CASH,APPROVED,매장,2025.10.28 21:56,
밥친구,25102903301,46000,KAKAOPAY,APPROVED,매장,2025.10.29 06:13,
밥친구,25102922498,16000,KAKAOPAY,APPROVED,배달,2025.10.29 09:17,
밥친구,25102933407,15000,CARD,APPROVED,매장,2025.10.29 10:09,
밥친구,25102902804,50000,KAKAOPAY,CANCELED,매장,2025.10.29 11:24,2025.10.31 04:34
밥친구,25102959991,29000,CASH,APPROVED,배달,2025.10.29 11:28,
밥친구,25102966998,48000,KAKAOPAY,APPROVED,매장,2025.10.29 12:00,
밥친구,25102967695,15000,CARD,APPROVED,매장,2025.10.29 12:07,
밥친구,25102915098,27000,CARD,APPROVED,매장,2025.10.29 12:10,
밥친구,25102904680,41000,CARD,APPROVED,매장,2025.10.29 12:34,
밥친구,25102990807,50000,KAKAOPAY,APPROVED,매장,2025.10.29 12:40,
밥친구,25102905923,6000,CASH,APPROVED,매장,2025.10.29 12:42,
밥친구,25102941311,30000,CASH,APPROVED,매장,2025.10.29 12:59,
밥친구,25102906177,8000,CARD,APPROVED,매장,2025.10.29 13:28,
밥친구,25102940406,8000,CARD,APPROVED,매장,2025.10.29 13:28,
밥친구,25102937306,24000,CARD,APPROVED,매장,2025.10.29 14:32,
밥친구,25102933073,77000,CARD,APPROVED,매장,2025.10.29 14:46,
밥친구,25102951780,7000,KAKAOPAY,APPROVED,배달,2025.10.29 15:06,
밥친구,25102989428,19000,KAKAOPAY,APPROVED,배달,2025.10.29 15:29,
밥친구,25102967262,6000,CASH,APPROVED,매장,2025.10.29 16:23,
밥친구,25102966062,7000,KAKAOPAY,APPROVED,매장,2025.10.29 16:31,
밥친구,25102905755,36000,KAKAOPAY,APPROVED,매장,2025.10.29 17:13,
밥친구,25102959550,10000,CARD,APPROVED,매장,2025.10.29 17:23,
밥친구,25102959450,17000,KAKAOPAY,APPROVED,배달,2025.10.29 17:27,
밥친구,25102961649,99000,CARD,APPROVED,매장,2025.10.29 18:20,
밥친구,25102920170,16000,CARD,APPROVED,매장,2025.10.29 18:29,
밥친구,25102936355,12000,CARD,APPROVED,매장,2025.10.29 18:40,
밥친구,25102932751,23000,KAKAOPAY,APPROVED,배달,2025.10.29 19:00,
밥친구,25102975805,48000,TRANSFER,APPROVED,배달,2025.10.29 19:06,
밥친구,25102951320,28000,CARD,APPROVED,배달,2025.10.29 19:21,
밥친구,25102927984,25000,CASH,APPROVED,매장,2025.10.29 19:25,
밥친구,25102934257,15000,CARD,APPROVED,매장,2025.10.29 19:32,
밥친구,25102930092,18000,CARD,APPROVED,매장,2025.10.29 20:52,
밥친구,25102922821,10000,CASH,APPROVED,매장,2025.10.29 21:44,
밥친구,25102911753,19000,CARD,CANCELED,매장,2025.10.29 21:58,2025.10.30 23:42
밥친구,25103094487,10000,TRANSFER,APPROVED,배달,2025.10.30 07:54,
밥친구,25103007001,12000,CARD,APPROVED,배달,2025.10.30 08:49,
밥친구,25103070141,27000,CARD,APPROVED,매장,2025.10.30 10:11,
밥친구,25103076231,12000,KAKAOPAY,APPROVED,매장,2025.10.30 10:25,
밥친구,25103011497,21000,CARD,APPROVED,매장,2025.10.30 11:25,
밥친구,25103056408,6000,CASH,APPROVED,매장,2025.10.30 12:10,
밥친구,25103069936,47000,KAKAOPAY,APPROVED,매장,2025.10.30 12:32,
밥친구,25103092936,9000,KAKAOPAY,APPROVED,매장,2025.10.30 12:34,
밥친구,25103044647,19000,KAKAOPAY,APPROVED,배달,2025.10.30 12:54,
밥친구,25103068832,6000,CARD,APPROVED,매장,2025.10.30 13:08,
밥친구,25103068014,7000,KAKAOPAY,APPROVED,매장,2025.10.30 13:27,
밥친구,25103070396,5000,KAKAOPAY,APPROVED,매장,2025.10.30 13:27,
밥친구,25103040645,37000,CARD,APPROVED,매장,2025.10.30 14:00,
밥친구,25103024554,48000,CARD,APPROVED,매장,2025.10.30 14:51,
밥친구,25103015050,18000,CARD,APPROVED,매장,2025.10.30 16:06,
밥친구,25103017653,34000,CARD,APPROVED,매장,2025.10.30 16:10,
밥친구,25103066211,25000,CARD,APPROVED,매장,2025.10.30 16:15,
밥친구,25103009085,17000,CARD,APPROVED,매장,2025.10.30 17:20,
밥친구,25103035594,7000,CASH,APPROVED,매장,2025.10.30 17:49,
밥친구,25103051880,77000,CASH,APPROVED,매장,2025.10.30 18:44,
밥친구,25103015509,14000,CARD,APPROVED,배달,2025.10.30 20:48,
밥친구,25103096515,14000,TRANSFER,APPROVED,매장,2025.10.30 21:12,
밥친구,25103190602,35000,CARD,APPROVED,매장,2025.10.31 08:25,
밥친구,25103165026,12000,CASH,APPROVED,매장,2025.10.31 09:09,
밥친구,25103108225,90000,CARD,APPROVED,매장,2025.10.31 11:43,
밥친구,25103136861,8000,CARD,APPROVED,매장,2025.10.31 12:11,
밥친구,25103180280,15000,CASH,APPROVED,매장,2025.10.31 12:44,
밥친구,25103131143,96000,CASH,APPROVED,매장,2025.10.31 13:20,
밥친구,25103129015,8000,KAKAOPAY,APPROVED,매장,2025.10.31 13:41,
밥친구,25103189038,97000,CASH,APPROVED,매장,2025.10.31 13:42,
밥친구,25103198695,178000,KAKAOPAY,APPROVED,배달,2025.10.31 14:32,
밥친구,25103197012,36000,CASH,APPROVED,매장,2025.10.31 15:17,
밥친구,25103115960,50000,CARD,APPROVED,매장,2025.10.31 15:52,
밥친구,25103142048,8000,CASH,CANCELED,매장,2025.10.31 17:13,2025.11.1 00:23
밥친구,25103106583,7000,CARD,APPROVED,매장,2025.10.31 17:43,
밥친구,25103196166,42000,CARD,APPROVED,매장,2025.10.31 18:16,
밥친구,25103179034,23000,KAKAOPAY,APPROVED,매장,2025.10.31 18:22,
밥친구,25103104321,21000,CARD,APPROVED,배달,2025.10.31 19:23,
밥친구,25103146868,37000,KAKAOPAY,CANCELED,배달,2025.10.31 20:14,2025.11.3 18:17
밥친구,25103122896,23000,TRANSFER,APPROVED,매장,2025.10.31 20:42,
밥친구,25103114833,48000,CARD,APPROVED,매장,2025.10.31 23:07,
밥친구,25103163237,11000,KAKAOPAY,APPROVED,매장,2025.10.31 23:45,
밥친구,25103139526,16000,CARD,APPROVED,매장,2025.10.31 23:50,
밥친구,25110165819,9000,CARD,APPROVED,매장,2025.11.1 09:35,
밥친구,25110114789,26000,CARD,APPROVED,배달,2025.11.1 10:18,
밥친구,25110130599,41000,KAKAOPAY,APPROVED,매장,2025.11.1 10:36,
밥친구,25110148905,25000,CARD,APPROVED,배달,2025.11.1 12:33,
밥친구,25110110725,13000,KAKAOPAY,APPROVED,매장,2025.11.1 13:19,
밥친구,25110145568,47000,CARD,APPROVED,매장,2025.11.1 13:41,
밥친구,25110150463,93000,KAKAOPAY,APPROVED,매장,2025.11.1 13:43,
밥친구,25110108018,43000,KAKAOPAY,APPROVED,매장,2025.11.1 15:16,
밥친구,25110158094,16000,CARD,APPROVED,매장,2025.11.1 16:14,
밥친구,25110187068,10000,CARD,APPROVED,매장,2025.11.1 17:46,
밥친구,25110161812,46000,CARD,APPROVED,매장,2025.11.1 18:17,
밥친구,25110112464,12000,CASH,APPROVED,매장,2025.11.1 18:40,
밥친구,25110192200,41000,CASH,APPROVED,매장,2025.11.1 18:46,
밥친구,25110179404,19000,KAKAOPAY,APPROVED,배달,2025.11.1 18:50,
밥친구,25110172697,81000,TRANSFER,APPROVED,매장,2025.11.1 19:03,
밥친구,25110139102,10000,CARD,APPROVED,매장,2025.11.1 19:11,
밥친구,25110157748,22000,CARD,CANCELED,매장,2025.11.1 19:28,2025.11.2 21:19
밥친구,25110126203,15000,KAKAOPAY,APPROVED,배달,2025.11.1 19:29,
밥친구,25110166199,20000,CARD,APPROVED,배달,2025.11.1 20:47,
밥친구,25110118256,13000,CARD,APPROVED,배달,2025.11.1 22:02,
밥친구,25110126282,21000,KAKAOPAY,APPROVED,매장,2025.11.1 22:24,
밥친구,25110177452,48000,CARD,APPROVED,매장,2025.11.1 22:26,
밥친구,25110162284,7000,KAKAOPAY,APPROVED,매장,2025.11.1 23:23,
밥친구,25110256145,8000,CASH,APPROVED,매장,2025.11.2 07:29,
밥친구,25110261119,8000,CASH,APPROVED,배달,2025.11.2 07:58,
밥친구,25110218286,22000,TRANSFER,APPROVED,매장,2025.11.2 09:25,
밥친구,25110288982,10000,CASH,APPROVED,매장,2025.11.2 10:39,
밥친구,25110251455,5000,CARD,APPROVED,매장,2025.11.2 11:06,
밥친구,25110295561,24000,CASH,APPROVED,매장,2025.11.2 11:07,
밥친구,25110283604,11000,CARD,APPROVED,배달,2025.11.2 11:41,
밥친구,25110296405,36000,CARD,APPROVED,배달,2025.11.2 12:02,
밥친구,25110267041,14000,CASH,APPROVED,매장,2025.11.2 12:33,
밥친구,25110294453,11000,CARD,APPROVED,매장,2025.11.2 12:48,
밥친구,25110207634,6000,CARD,APPROVED,매장,2025.11.2 12:53,
밥친구,25110250883,19000,CARD,APPROVED,배달,2025.11.2 14:24,
밥친구,25110231202,12000,CASH,APPROVED,매장,2025.11.2 14:34,
밥친구,25110253447,6000,CASH,APPROVED,배달,2025.11.2 15:12,
밥친구,25110288466,7000,CARD,APPROVED,배달,2025.11.2 17:20,
밥친구,25110282759,13000,CARD,APPROVED,매장,2025.11.2 18:30,
밥친구,25110211792,80000,KAKAOPAY,APPROVED,배달,2025.11.2 19:28,
밥친구,25110205918,11000,CARD,APPROVED,배달,2025.11.2 19:33,
밥친구,25110293285,13000,CASH,APPROVED,배달,2025.11.2 19:40,
밥친구,25110233009,20000,CASH,APPROVED,배달,2025.11.2 20:39,
밥친구,25110222461,5000,CARD,APPROVED,매장,2025.11.2 20:53,
밥친구,25110285234,30000,TRANSFER,APPROVED,배달,2025.11.2 20:53,
밥친구,25110250011,8000,KAKAOPAY,APPROVED,배달,2025.11.2 22:24,
밥친구,25110247618,7000,CARD,APPROVED,매장,2025.11.2 22:26,
밥친구,25110274671,15000,CARD,APPROVED,매장,2025.11.2 23:28,
밥친구,25110207682,12000,CARD,APPROVED,매장,2025.11.2 23:36,
밥친구,25110314425,60000,TRANSFER,APPROVED,매장,2025.11.3 00:06,
밥친구,25110357987,11000,KAKAOPAY,APPROVED,매장,2025.11.3 01:44,
밥친구,25110341309,7000,KAKAOPAY,APPROVED,배달,2025.11.3 05:58,
밥친구,25110317133,7000,CASH,APPROVED,매장,2025.11.3 07:59,
밥친구,25110389701,75000,CARD,APPROVED,매장,2025.11.3 09:23,
밥친구,25110327940,30000,CARD,APPROVED,매장,2025.11.3 09:50,
밥친구,25110367938,13000,KAKAOPAY,APPROVED,배달,2025.11.3 10:22,
밥친구,25110359162,8000,CASH,APPROVED,매장,2025.11.3 11:03,
밥친구,25110380520,12000,KAKAOPAY,APPROVED,배달,2025.11.3 11:11,
밥친구,25110332853,23000,KAKAOPAY,APPROVED,매장,2025.11.3 11:23,
밥친구,25110325292,22000,CASH,APPROVED,배달,2025.11.3 11:43,
밥친구,25110392469,23000,KAKAOPAY,APPROVED,매장,2025.11.3 12:34,
밥친구,25110399532,54000,CARD,APPROVED,배달,2025.11.3 13:16,
밥친구,25110369567,27000,TRANSFER,APPROVED,매장,2025.11.3 13:47,
밥친구,25110397283,11000,KAKAOPAY,APPROVED,매장,2025.11.3 16:04,
밥친구,25110342321,195000,KAKAOPAY,APPROVED,매장,2025.11.3 16:06,
밥친구,25110349018,7000,KAKAOPAY,CANCELED,매장,2025.11.3 16:27,2025.11.6 12:54
밥친구,25110355568,20000,CASH,APPROVED,매장,2025.11.3 17:01,
밥친구,25110324233,5000,CASH,APPROVED,매장,2025.11.3 17:45,
밥친구,25110357820,23000,KAKAOPAY,APPROVED,배달,2025.11.3 18:19,
밥친구,25110391184,30000,CARD,APPROVED,배달,2025.11.3 18:45,
밥친구,25110326440,12000,CASH,APPROVED,배달,2025.11.3 18:53,
밥친구,25110350355,9000,CARD,APPROVED,매장,2025.11.3 19:04,
밥친구,25110336218,27000,KAKAOPAY,APPROVED,매장,2025.11.3 19:10,
밥친구,25110337438,21000,CARD,APPROVED,매장,2025.11.3 19:49,
밥친구,25110396738,6000,KAKAOPAY,APPROVED,배달,2025.11.3 21:39,
밥친구,25110308293,10000,KAKAOPAY,APPROVED,매장,2025.11.3 22:48,
밥친구,25110358016,15000,KAKAOPAY,APPROVED,매장,2025.11.3 23:53,
밥친구,25110409615,41000,CARD,APPROVED,매장,2025.11.4 00:24,
밥친구,25110468560,47000,CARD,APPROVED,배달,2025.11.4 04:41,
밥친구,25110478965,6000,CASH,APPROVED,배달,2025.11.4 10:49,
밥친구,25110433833,8000,KAKAOPAY,APPROVED,매장,2025.11.4 10:50,
밥친구,25110480001,26000,TRANSFER,APPROVED,매장,2025.11.4 11:37,
밥친구,25110459744,15000,CARD,APPROVED,배달,2025.11.4 13:35,
밥친구,25110457985,5000,KAKAOPAY,APPROVED,배달,2025.11.4 13:56,
밥친구,25110458247,6000,KAKAOPAY,APPROVED,배달,2025.11.4 13:56,
밥친구,25110484936,35000,CARD,APPROVED,매장,2025.11.4 14:02,
밥친구,25110407905,15000,CASH,APPROVED,매장,2025.11.4 14:19,
밥친구,25110417420,20000,KAKAOPAY,APPROVED,매장,2025.11.4 14:31,
밥친구,25110487536,15000,CASH,APPROVED,매장,2025.11.4 14:44,
밥친구,25110453108,15000,KAKAOPAY,APPROVED,매장,2025.11.4 15:23,
밥친구,25110408131,13000,KAKAOPAY,APPROVED,매장,2025.11.4 15:48,
밥친구,25110422917,42000,KAKAOPAY,APPROVED,매장,2025.11.4 16:00,
밥친구,25110409542,19000,KAKAOPAY,APPROVED,배달,2025.11.4 17:03,
밥친구,25110444060,14000,KAKAOPAY,APPROVED,배달,2025.11.4 17:19,
밥친구,25110403519,18000,KAKAOPAY,APPROVED,매장,2025.11.4 17:49,
밥친구,25110466280,24000,CARD,APPROVED,매장,2025.11.4 18:26,
밥친구,25110406471,64000,KAKAOPAY,APPROVED,매장,2025.11.4 18:34,
밥친구,25110463363,13000,KAKAOPAY,CANCELED,매장,2025.11.4 18:47,2025.11.4 21:38
밥친구,25110422140,9000,CARD,APPROVED,매장,2025.11.4 19:11,
밥친구,25110475188,5000,CASH,APPROVED,매장,2025.11.4 19:50,
밥친구,25110415371,24000,KAKAOPAY,APPROVED,배달,2025.11.4 20:54,
밥친구,25110424512,13000,CARD,APPROVED,매장,2025.11.4 21:29,
밥친구,25110442546,24000,KAKAOPAY,APPROVED,매장,2025.11.4 21:42,
밥친구,25110466800,35000,CASH,APPROVED,매장,2025.11.4 23:12,
밥친구,25110470662,11000,CASH,APPROVED,매장,2025.11.4 23:16,
밥친구,25110558339,29000,CARD,APPROVED,매장,2025.11.5 07:14,
밥친구,25110577564,20000,CARD,APPROVED,배달,2025.11.5 09:56,
밥친구,25110549064,20000,CASH,APPROVED,매장,2025.11.5 11:07,
밥친구,25110579753,96000,KAKAOPAY,APPROVED,매장,2025.11.5 11:23,
밥친구,25110521609,8000,CARD,APPROVED,매장,2025.11.5 12:11,
밥친구,25110560380,15000,CARD,APPROVED,배달,2025.11.5 12:26,
밥친구,25110516877,26000,KAKAOPAY,APPROVED,매장,2025.11.5 13:08,
밥친구,25110590450,27000,CARD,APPROVED,매장,2025.11.5 14:00,
밥친구,25110513440,14000,CASH,APPROVED,매장,2025.11.5 15:15,
밥친구,25110533557,42000,KAKAOPAY,APPROVED,매장,2025.11.5 15:25,
밥친구,25110559630,15000,KAKAOPAY,APPROVED,매장,2025.11.5 16:25,
밥친구,25110511650,8000,KAKAOPAY,APPROVED,배달,2025.11.5 17:01,
밥친구,25110596598,36000,CARD,APPROVED,배달,2025.11.5 17:07,
밥친구,25110564671,15000,KAKAOPAY,APPROVED,매장,2025.11.5 17:08,
밥친구,25110581386,54000,KAKAOPAY,APPROVED,배달,2025.11.5 17:43,
밥친구,25110525187,28000,CASH,APPROVED,매장,2025.11.5 18:01,
밥친구,25110562285,8000,CARD,APPROVED,배달,2025.11.5 18:41,
밥친구,25110544388,6000,CARD,APPROVED,배달,2025.11.5 19:27,
밥친구,25110588530,10000,KAKAOPAY,APPROVED,매장,2025.11.5 19:51,
밥친구,25110586020,6000,CARD,APPROVED,매장,2025.11.5 19:54,
밥친구,25110565073,28000,CARD,APPROVED,매장,2025.11.5 20:30,
밥친구,25110595009,14000,CASH,APPROVED,배달,2025.11.5 20:57,
밥친구,25110626785,32000,CARD,APPROVED,매장,2025.11.6 00:56,
밥친구,25110605069,72000,CASH,APPROVED,매장,2025.11.6 09:09,
밥친구,25110652487,21000,CARD,APPROVED,배달,2025.11.6 10:19,
밥친구,25110637891,181000,KAKAOPAY,APPROVED,매장,2025.11.6 12:47,
밥친구,25110629555,129000,KAKAOPAY,APPROVED,매장,2025.11.6 12:49,
밥친구,25110660639,24000,CARD,APPROVED,매장,2025.11.6 13:19,
밥친구,25110647025,22000,CASH,APPROVED,배달,2025.11.6 13:22,
밥친구,25110611631,99000,CASH,APPROVED,배달,2025.11.6 13:25,
밥친구,25110607260,26000,TRANSFER,APPROVED,매장,2025.11.6 13:32,
밥친구,25110644341,15000,CARD,APPROVED,매장,2025.11.6 14:09,
밥친구,25110671700,47000,KAKAOPAY,APPROVED,매장,2025.11.6 14:09,
밥친구,25110614278,31000,CARD,APPROVED,매장,2025.11.6 14:17,
밥친구,25110647042,6000,CARD,APPROVED,매장,2025.11.6 14:42,
밥친구,25110695152,41000,CARD,APPROVED,매장,2025.11.6 14:46,
밥친구,25110653246,30000,CASH,APPROVED,매장,2025.11.6 15:39,
밥친구,25110639368,21000,CASH,APPROVED,매장,2025.11.6 15:40,
밥친구,25110668407,26000,KAKAOPAY,APPROVED,매장,2025.11.6 15:45,
밥친구,25110660649,20000,CARD,APPROVED,매장,2025.11.6 16:00,
밥친구,25110654180,11000,CASH,APPROVED,매장,2025.11.6 16:17,
밥친구,25110607077,11000,CARD,APPROVED,매장,2025.11.6 19:10,
밥친구,25110655947,15000,KAKAOPAY,APPROVED,배달,2025.11.6 19:25,
밥친구,25110608676,23000,KAKAOPAY,APPROVED,매장,2025.11.6 20:08,
밥친구,25110644087,28000,CARD,APPROVED,매장,2025.11.6 20:17,
밥친구,25110669508,70000,KAKAOPAY,APPROVED,매장,2025.11.6 20:23,
밥친구,25110608261,41000,CARD,APPROVED,배달,2025.11.6 20:42,
밥친구,25110686547,6000,CARD,APPROVED,매장,2025.11.6 21:06,
밥친구,25110681415,12000,CARD,APPROVED,매장,2025.11.6 22:43,
밥친구,25110607475,10000,CARD,APPROVED,매장,2025.11.6 22:54,
밥친구,25110618359,29000,TRANSFER,APPROVED,매장,2025.11.6 23:57,
밥친구,25110734992,14000,CASH,APPROVED,배달,2025.11.7 00:29,
밥친구,25110787790,13000,CASH,APPROVED,매장,2025.11.7 03:40,
밥친구,25110737914,6000,CASH,APPROVED,배달,2025.11.7 06:34,
밥친구,25110776547,92000,CARD,APPROVED,매장,2025.11.7 08:35,
밥친구,25110769276,7000,KAKAOPAY,APPROVED,배달,2025.11.7 09:18,
밥친구,25110739528,15000,CARD,APPROVED,매장,2025.11.7 10:06,
밥친구,25110705034,27000,KAKAOPAY,APPROVED,배달,2025.11.7 10:18,
밥친구,25110778853,42000,CARD,APPROVED,매장,2025.11.7 11:37,
밥친구,25110708803,27000,CARD,APPROVED,매장,2025.11.7 11:49,
밥친구,25110700350,10000,KAKAOPAY,APPROVED,매장,2025.11.7 12:15,
밥친구,25110723265,13000,CARD,APPROVED,매장,2025.11.7 12:30,
밥친구,25110750174,14000,CARD,APPROVED,매장,2025.11.7 12:31,
밥친구,25110739039,13000,CARD,APPROVED,매장,2025.11.7 12:44,
밥친구,25110780124,32000,CARD,APPROVED,매장,2025.11.7 12:51,
밥친구,25110726840,7000,KAKAOPAY,APPROVED,매장,2025.11.7 13:20,
밥친구,25110704771,139000,CARD,APPROVED,매장,2025.11.7 13:36,
밥친구,25110791517,8000,CARD,APPROVED,배달,2025.11.7 13:46,
밥친구,25110743545,13000,CARD,APPROVED,매장,2025.11.7 13:57,
밥친구,25110704666,13000,KAKAOPAY,APPROVED,배달,2025.11.7 14:46,
밥친구,25110761094,32000,CARD,APPROVED,매장,2025.11.7 16:20,
밥친구,25110765206,11000,CARD,APPROVED,매장,2025.11.7 17:02,
밥친구,25110760597,39000,CARD,APPROVED,매장,2025.11.7 17:26,
밥친구,25110734377,16000,CARD,APPROVED,매장,2025.11.7 17:46,
밥친구,25110761543,72000,CASH,APPROVED,배달,2025.11.7 18:16,
밥친구,25110779128,11000,TRANSFER,CANCELED,배달,2025.11.7 18:28,2025.11.7 23:12
밥친구,25110700088,20000,KAKAOPAY,APPROVED,배달,2025.11.7 18:37,
밥친구,25110738687,12000,CARD,APPROVED,매장,2025.11.7 18:59,
밥친구,25110754335,40000,CASH,APPROVED,매장,2025.11.7 19:02,
밥친구,25110722156,15000,KAKAOPAY,APPROVED,매장,2025.11.7 19:27,
밥친구,25110731674,29000,CARD,APPROVED,매장,2025.11.7 19:31,
밥친구,25110718557,28000,CARD,APPROVED,매장,2025.11.7 19:32,
밥친구,25110731653,17000,CARD,APPROVED,매장,2025.11.7 19:41,
밥친구,25110703930,6000,CARD,APPROVED,매장,2025.11.7 19:59,
밥친구,25110710969,24000,KAKAOPAY,APPROVED,매장,2025.11.7 20:12,
밥친구,25110785365,7000,CARD,APPROVED,매장,2025.11.7 20:39,
밥친구,25110725669,83000,CARD,CANCELED,매장,2025.11.7 20:50,2025.11.9 04:21
밥친구,25110723459,8000,CASH,APPROVED,매장,2025.11.7 21:21,
밥친구,25110797281,15000,KAKAOPAY,APPROVED,매장,2025.11.7 21:40,
밥친구,25110743703,34000,CARD,APPROVED,배달,2025.11.7 22:53,
밥친구,25110766523,37000,KAKAOPAY,APPROVED,배달,2025.11.7 22:54,
밥친구,25110701747,8000,KAKAOPAY,APPROVED,매장,2025.11.7 22:58,
밥친구,25110868156,28000,CARD,APPROVED,매장,2025.11.8 08:24,
밥친구,25110878529,10000,TRANSFER,APPROVED,매장,2025.11.8 08:39,
밥친구,25110891064,16000,CASH,APPROVED,배달,2025.11.8 09:00,
밥친구,25110817349,34000,KAKAOPAY,APPROVED,매장,2025.11.8 09:08,
밥친구,25110843327,26000,CASH,APPROVED,매장,2025.11.8 09:20,
밥친구,25110890305,34000,CARD,APPROVED,매장,2025.11.8 10:19,
밥친구,25110867384,5000,KAKAOPAY,APPROVED,매장,2025.11.8 10:28,
밥친구,25110849657,38000,CARD,APPROVED,매장,2025.11.8 11:19,
밥친구,25110822321,23000,KAKAOPAY,APPROVED,배달,2025.11.8 11:41,
밥친구,25110883808,43000,TRANSFER,APPROVED,배달,2025.11.8 11:50,
밥친구,25110886847,46000,CARD,APPROVED,배달,2025.11.8 12:09,
밥친구,25110825153,34000,KAKAOPAY,APPROVED,배달,2025.11.8 12:21,
밥친구,25110867564,9000,CARD,APPROVED,매장,2025.11.8 12:39,
밥친구,25110807740,7000,CASH,APPROVED,매장,2025.11.8 12:42,
밥친구,25110805375,94000,KAKAOPAY,APPROVED,배달,2025.11.8 12:53,
밥친구,25110836643,13000,KAKAOPAY,APPROVED,매장,2025.11.8 13:40,
밥친구,25110840389,15000,KAKAOPAY,APPROVED,매장,2025.11.8 13:52,
밥친구,25110824500,22000,CARD,APPROVED,매장,2025.11.8 15:55,
밥친구,25110854327,11000,CARD,APPROVED,매장,2025.11.8 18:01,
밥친구,25110833654,26000,CASH,APPROVED,매장,2025.11.8 18:22,
밥친구,25110804429,9000,CARD,APPROVED,배달,2025.11.8 18:41,
밥친구,25110824083,14000,CARD,APPROVED,매장,2025.11.8 18:44,
밥친구,25110895025,20000,CASH,CANCELED,매장,2025.11.8 19:01,2025.11.10 07:43
밥친구,25110821770,7000,CARD,APPROVED,배달,2025.11.8 19:47,
밥친구,25110846534,15000,CASH,APPROVED,매장,2025.11.8 19:49,
밥친구,25110889300,100000,KAKAOPAY,CANCELED,배달,2025.11.8 20:04,2025.11.10 08:34
밥친구,25110814685,12000,CARD,APPROVED,배달,2025.11.8 20:32,
밥친구,25110803975,24000,CARD,CANCELED,매장,2025.11.8 20:38,2025.11.9 19:54
밥친구,25110856121,14000,CARD,APPROVED,매장,2025.11.8 21:09,
밥친구,25110824348,50000,KAKAOPAY,APPROVED,매장,2025.11.8 21:38,
밥친구,25110888895,14000,KAKAOPAY,APPROVED,배달,2025.11.8 22:46,
밥친구,25110985775,22000,CARD,APPROVED,매장,2025.11.9 02:34,
밥친구,25110951600,15000,KAKAOPAY,APPROVED,매장,2025.11.9 05:06,
밥친구,25110993437,6000,CARD,APPROVED,매장,2025.11.9 06:43,
밥친구,25110954205,16000,CASH,APPROVED,매장,2025.11.9 07:12,
밥친구,25110912653,17000,KAKAOPAY,APPROVED,매장,2025.11.9 08:47,
밥친구,25110928397,13000,CARD,APPROVED,매장,2025.11.9 09:24,
밥친구,25110928923,23000,KAKAOPAY,APPROVED,매장,2025.11.9 10:00,
밥친구,25110996370,20000,CASH,APPROVED,매장,2025.11.9 11:50,
밥친구,25110936642,26000,CARD,APPROVED,배달,2025.11.9 11:52,
밥친구,25110946484,98000,CARD,APPROVED,매장,2025.11.9 12:31,
밥친구,25110916762,89000,CARD,CANCELED,매장,2025.11.9 12:37,2025.11.10 17:13
밥친구,25110984975,12000,CARD,APPROVED,배달,2025.11.9 12:49,
밥친구,25110957803,7000,CASH,APPROVED,매장,2025.11.9 12:51,
밥친구,25110928500,28000,CARD,APPROVED,배달,2025.11.9 12:52,
밥친구,25110991194,16000,CARD,APPROVED,매장,2025.11.9 13:00,
밥친구,25110990666,12000,CARD,APPROVED,매장,2025.11.9 13:07,
밥친구,25110950428,15000,KAKAOPAY,APPROVED,매장,2025.11.9 14:32,
밥친구,25110905921,27000,KAKAOPAY,APPROVED,매장,2025.11.9 14:50,
밥친구,25110908956,5000,TRANSFER,APPROVED,매장,2025.11.9 14:53,
밥친구,25110940221,28000,KAKAOPAY,APPROVED,매장,2025.11.9 15:02,
밥친구,25110955651,54000,CARD,APPROVED,매장,2025.11.9 15:43,
밥친구,25110905805,11000,CARD,APPROVED,배달,2025.11.9 15:47,
밥친구,25110938895,23000,CARD,APPROVED,매장,2025.11.9 16:08,
밥친구,25110997109,34000,KAKAOPAY,APPROVED,매장,2025.11.9 16:47,
밥친구,25110914289,30000,KAKAOPAY,APPROVED,매장,2025.11.9 17:05,
밥친구,25110927030,8000,CARD,APPROVED,매장,2025.11.9 17:29,
밥친구,25110962373,42000,KAKAOPAY,APPROVED,배달,2025.11.9 17:51,
밥친구,25110956065,46000,CARD,APPROVED,매장,2025.11.9 17:57,
밥친구,25110935775,45000,CASH,CANCELED,매장,2025.11.9 18:04,2025.11.10 18:46
밥친구,25110929403,30000,CARD,APPROVED,매장,2025.11.9 18:08,
밥친구,25110931768,30000,KAKAOPAY,APPROVED,매장,2025.11.9 18:48,
밥친구,25110969219,10000,CARD,APPROVED,배달,2025.11.9 19:50,
밥친구,25110956291,28000,CARD,APPROVED,배달,2025.11.9 19:58,
밥친구,25110936246,50000,CARD,APPROVED,매장,2025.11.9 20:34,
밥친구,25110944749,11000,KAKAOPAY,APPROVED,매장,2025.11.9 20:41,
밥친구,25110923534,15000,CARD,APPROVED,매장,2025.11.9 21:58,
밥친구,25110964183,26000,CARD,APPROVED,매장,2025.11.9 22:35,
밥친구,25110946476,7000,CARD,APPROVED,매장,2025.11.9 22:52,
밥친구,25111047663,24000,CASH,APPROVED,매장,2025.11.10 08:03,
밥친구,25111022560,45000,CARD,APPROVED,매장,2025.11.10 08:32,
밥친구,25111010649,70000,CASH,CANCELED,매장,2025.11.10 09:23,2025.11.13 02:58
밥친구,25111098364,171000,KAKAOPAY,APPROVED,매장,2025.11.10 10:11,
밥친구,25111017119,30000,KAKAOPAY,APPROVED,매장,2025.11.10 10:39,
밥친구,25111030616,43000,KAKAOPAY,APPROVED,매장,2025.11.10 10:49,
밥친구,25111087233,40000,CARD,APPROVED,배달,2025.11.10 11:31,
밥친구,25111065195,16000,CARD,APPROVED,매장,2025.11.10 11:48,
밥친구,25111067104,30000,CARD,APPROVED,매장,2025.11.10 11:51,
밥친구,25111002265,14000,CASH,APPROVED,매장,2025.11.10 12:09,
밥친구,25111011129,15000,CARD,APPROVED,매장,2025.11.10 12:11,
밥친구,25111059165,26000,CARD,APPROVED,매장,2025.11.10 12:12,
밥친구,25111073762,11000,CARD,APPROVED,매장,2025.11.10 12:20,
밥친구,25111096002,11000,CASH,APPROVED,매장,2025.11.10 12:42,
밥친구,25111055082,28000,KAKAOPAY,APPROVED,매장,2025.11.10 12:59,
밥친구,25111059531,5000,KAKAOPAY,APPROVED,배달,2025.11.10 13:08,
밥친구,25111098021,20000,KAKAOPAY,APPROVED,매장,2025.11.10 13:09,
밥친구,25111036843,55000,KAKAOPAY,CANCELED,배달,2025.11.10 14:44,2025.11.12 12:15
밥친구,25111007716,36000,CARD,APPROVED,배달,2025.11.10 15:45,
밥친구,25111050694,28000,KAKAOPAY,APPROVED,매장,2025.11.10 16:57,
밥친구,25111034555,8000,KAKAOPAY,APPROVED,배달,2025.11.10 17:32,
밥친구,25111096870,5000,KAKAOPAY,APPROVED,매장,2025.11.10 19:09,
밥친구,25111007829,12000,KAKAOPAY,APPROVED,배달,2025.11.10 19:25,
밥친구,25111009838,24000,CASH,APPROVED,매장,2025.11.10 19:32,
밥친구,25111050294,15000,CASH,APPROVED,매장,2025.11.10 19:35,
밥친구,25111009448,11000,CASH,APPROVED,매장,2025.11.10 19:44,
밥친구,25111086810,9000,CASH,APPROVED,매장,2025.11.10 20:03,
밥친구,25111006970,5000,CARD,APPROVED,매장,2025.11.10 20:11,
밥친구,25111021771,63000,KAKAOPAY,APPROVED,배달,2025.11.10 20:12,
밥친구,25111009970,20000,TRANSFER,APPROVED,배달,2025.11.10 20:22,
밥친구,25111069193,18000,CASH,APPROVED,매장,2025.11.10 21:00,
밥친구,25111086324,15000,KAKAOPAY,APPROVED,매장,2025.11.10 21:11,
밥친구,25111002425,26000,CARD,APPROVED,매장,2025.11.10 22:19,
밥친구,25111143948,33000,CASH,APPROVED,배달,2025.11.11 06:11,
밥친구,25111150696,5000,KAKAOPAY,APPROVED,매장,2025.11.11 08:04,
밥친구,25111151005,7000,CASH,APPROVED,매장,2025.11.11 09:39,
밥친구,25111121741,34000,TRANSFER,APPROVED,배달,2025.11.11 11:27,
밥친구,25111149315,15000,KAKAOPAY,APPROVED,매장,2025.11.11 11:30,
밥친구,25111185939,31000,CARD,CANCELED,매장,2025.11.11 11:49,2025.11.14 05:00
밥친구,25111125424,28000,TRANSFER,APPROVED,매장,2025.11.11 11:50,
밥친구,25111148378,47000,CARD,CANCELED,매장,2025.11.11 12:08,2025.11.13 13:43
밥친구,25111103154,20000,CASH,APPROVED,매장,2025.11.11 12:15,
밥친구,25111151525,15000,CARD,APPROVED,매장,2025.11.11 13:03,
밥친구,25111171824,50000,CASH,APPROVED,매장,2025.11.11 13:27,
밥친구,25111133046,49000,KAKAOPAY,CANCELED,배달,2025.11.11 13:58,2025.11.14 03:06
밥친구,25111169679,12000,CASH,CANCELED,매장,2025.11.11 14:03,2025.11.12 13:37
밥친구,25111190503,42000,CARD,APPROVED,매장,2025.11.11 14:05,
밥친구,25111135040,11000,KAKAOPAY,APPROVED,매장,2025.11.11 14:10,
밥친구,25111137597,15000,TRANSFER,APPROVED,배달,2025.11.11 14:20,
밥친구,25111195513,25000,KAKAOPAY,APPROVED,매장,2025.11.11 14:26,
밥친구,25111150902,15000,CARD,APPROVED,매장,2025.11.11 14:28,
밥친구,25111190375,17000,CASH,APPROVED,매장,2025.11.11 15:09,
밥친구,25111132536,24000,KAKAOPAY,APPROVED,매장,2025.11.11 15:26,
밥친구,25111151959,10000,CASH,CANCELED,매장,2025.11.11 15:31,2025.11.11 16:43
밥친구,25111108980,15000,CARD,APPROVED,매장,2025.11.11 17:17,
밥친구,25111115113,13000,KAKAOPAY,APPROVED,매장,2025.11.11 18:07,
밥친구,25111191698,6000,CARD,APPROVED,매장,2025.11.11 18:14,
밥친구,25111125848,28000,CARD,APPROVED,매장,2025.11.11 18:24,
밥친구,25111141182,6000,CARD,APPROVED,배달,2025.11.11 19:04,
밥친구,25111187569,46000,CARD,APPROVED,배달,2025.11.11 19:11,
밥친구,25111194859,10000,KAKAOPAY,CANCELED,매장,2025.11.11 19:26,2025.11.13 11:34
밥친구,25111144114,15000,CARD,APPROVED,매장,2025.11.11 19:31,
밥친구,25111134258,128000,CARD,APPROVED,매장,2025.11.11 19:58,
밥친구,25111122558,7000,CARD,APPROVED,배달,2025.11.11 20:13,
밥친구,25111129768,28000,KAKAOPAY,CANCELED,배달,2025.11.11 20:18,2025.11.12 00:33
밥친구,25111196639,25000,CARD,APPROVED,매장,2025.11.11 20:59,
밥친구,25111162114,21000,KAKAOPAY,APPROVED,매장,2025.11.11 21:04,
밥친구,25111190938,29000,KAKAOPAY,APPROVED,매장,2025.11.11 21:34,
밥친구,25111194855,5000,CARD,APPROVED,매장,2025.11.11 21:48,
밥친구,25111147971,6000,CARD,APPROVED,배달,2025.11.11 22:48,
밥친구,25111143931,13000,KAKAOPAY,APPROVED,배달,2025.11.11 23:26,
밥친구,25111246788,31000,CARD,APPROVED,매장,2025.11.12 03:35,
밥친구,25111272280,9000,CARD,APPROVED,배달,2025.11.12 07:26,
밥친구,25111255604,84000,CARD,CANCELED,매장,2025.11.12 08:35,2025.11.14 19:58
밥친구,25111258235,83000,CARD,APPROVED,배달,2025.11.12 09:07,
밥친구,25111243066,15000,CARD,APPROVED,매장,2025.11.12 09:29,
밥친구,25111263499,26000,TRANSFER,APPROVED,매장,2025.11.12 09:31,
밥친구,25111279062,19000,CARD,APPROVED,매장,2025.11.12 09:55,
밥친구,25111269979,9000,KAKAOPAY,APPROVED,매장,2025.11.12 11:27,
밥친구,25111280510,11000,CASH,APPROVED,매장,2025.11.12 12:08,
밥친구,25111258814,35000,CARD,APPROVED,배달,2025.11.12 12:57,
밥친구,25111211539,18000,CARD,APPROVED,매장,2025.11.12 13:41,
밥친구,25111231544,38000,CARD,APPROVED,배달,2025.11.12 14:13,
밥친구,25111229608,58000,CASH,APPROVED,배달,2025.11.12 14:22,
밥친구,25111290103,42000,KAKAOPAY,APPROVED,매장,2025.11.12 14:27,
밥친구,25111275116,14000,CARD,APPROVED,배달,2025.11.12 14:38,
밥친구,25111247624,22000,CARD,APPROVED,매장,2025.11.12 15:14,
밥친구,25111292849,6000,KAKAOPAY,APPROVED,배달,2025.11.12 16:07,
밥친구,25111225013,26000,KAKAOPAY,APPROVED,매장,2025.11.12 16:15,
밥친구,25111255897,10000,CARD,APPROVED,매장,2025.11.12 16:33,
밥친구,25111244448,15000,TRANSFER,APPROVED,배달,2025.11.12 16:56,
밥친구,25111242533,24000,CASH,APPROVED,배달,2025.11.12 17:10,
밥친구,25111279147,12000,CARD,APPROVED,매장,2025.11.12 18:33,
밥친구,25111262529,29000,KAKAOPAY,APPROVED,배달,2025.11.12 18:49,
밥친구,25111287382,8000,CARD,APPROVED,배달,2025.11.12 19:13,
밥친구,25111261835,17000,KAKAOPAY,APPROVED,매장,2025.11.12 19:14,
밥친구,25111262813,17000,KAKAOPAY,APPROVED,매장,2025.11.12 20:28,
밥친구,25111252000,25000,CASH,APPROVED,배달,2025.11.12 20:35,
밥친구,25111230326,14000,CASH,APPROVED,배달,2025.11.12 20:38,
밥친구,25111282800,5000,KAKAOPAY,APPROVED,매장,2025.11.12 21:50,
밥친구,25111253274,13000,CARD,APPROVED,매장,2025.11.12 22:50,
밥친구,25111392476,14000,CASH,APPROVED,매장,2025.11.13 09:08,
밥친구,25111313346,9000,CARD,APPROVED,배달,2025.11.13 11:22,
밥친구,25111322595,15000,CARD,APPROVED,배달,2025.11.13 11:26,
밥친구,25111330176,19000,CARD,APPROVED,배달,2025.11.13 12:49,
밥친구,25111376745,9000,KAKAOPAY,APPROVED,배달,2025.11.13 12:53,
밥친구,25111347373,49000,CARD,APPROVED,배달,2025.11.13 12:53,
밥친구,25111327496,11000,CARD,APPROVED,매장,2025.11.13 12:57,
밥친구,25111316568,27000,CARD,APPROVED,매장,2025.11.13 13:20,
밥친구,25111342168,81000,CARD,APPROVED,매장,2025.11.13 13:25,
밥친구,25111391740,15000,KAKAOPAY,APPROVED,매장,2025.11.13 13:26,
밥친구,25111331174,7000,CARD,APPROVED,매장,2025.11.13 13:27,
밥친구,25111302840,12000,CARD,APPROVED,매장,2025.11.13 13:39,
밥친구,25111325170,8000,CARD,APPROVED,매장,2025.11.13 13:39,
밥친구,25111303182,21000,CARD,APPROVED,배달,2025.11.13 13:57,
밥친구,25111366758,8000,CARD,APPROVED,매장,2025.11.13 14:04,
밥친구,25111308712,20000,KAKAOPAY,APPROVED,매장,2025.11.13 14:29,
밥친구,25111332863,10000,KAKAOPAY,APPROVED,매장,2025.11.13 14:41,
밥친구,25111305796,15000,KAKAOPAY,APPROVED,배달,2025.11.13 15:08,
밥친구,25111328151,26000,CASH,APPROVED,매장,2025.11.13 15:40,
밥친구,25111343019,8000,CASH,APPROVED,배달,2025.11.13 16:05,
밥친구,25111389643,13000,KAKAOPAY,APPROVED,매장,2025.11.13 16:52,
밥친구,25111388728,67000,CARD,APPROVED,매장,2025.11.13 17:04,
밥친구,25111336632,5000,CARD,APPROVED,매장,2025.11.13 17:07,
밥친구,25111398272,79000,CARD,APPROVED,매장,2025.11.13 17:18,
밥친구,25111384558,14000,KAKAOPAY,APPROVED,배달,2025.11.13 17:24,
밥친구,25111320666,25000,CARD,APPROVED,배달,2025.11.13 18:07,
밥친구,25111374947,25000,CASH,APPROVED,매장,2025.11.13 18:18,
밥친구,25111389348,21000,CASH,APPROVED,매장,2025.11.13 18:40,
밥친구,25111335337,15000,CASH,APPROVED,매장,2025.11.13 18:59,
밥친구,25111314377,25000,CARD,APPROVED,매장,2025.11.13 19:01,
밥친구,25111366488,21000,CASH,APPROVED,매장,2025.11.13 19:16,
밥친구,25111378703,13000,CARD,APPROVED,매장,2025.11.13 19:25,
밥친구,25111373282,10000,CARD,APPROVED,매장,2025.11.13 19:38,
밥친구,25111392438,111000,CARD,APPROVED,매장,2025.11.13 19:39,
밥친구,25111348176,23000,KAKAOPAY,APPROVED,매장,2025.11.13 20:15,
밥친구,25111342701,5000,KAKAOPAY,APPROVED,배달,2025.11.13 20:31,
밥친구,25111335155,12000,CASH,APPROVED,매장,2025.11.13 20:51,
밥친구,25111341984,12000,CASH,APPROVED,배달,2025.11.13 21:07,
밥친구,25111361293,21000,CARD,APPROVED,매장,2025.11.13 21:16,
밥친구,25111341526,21000,KAKAOPAY,APPROVED,매장,2025.11.13 21:22,
밥친구,25111350865,19000,CASH,APPROVED,매장,2025.11.13 21:30,
밥친구,25111378167,12000,KAKAOPAY,APPROVED,매장,2025.11.13 22:04,
밥친구,25111479591,10000,CASH,APPROVED,배달,2025.11.14 00:35,
밥친구,25111481974,7000,CARD,APPROVED,매장,2025.11.14 07:41,
밥친구,25111487868,50000,KAKAOPAY,APPROVED,매장,2025.11.14 09:45,
밥친구,25111400070,105000,CARD,APPROVED,매장,2025.11.14 10:54,
밥친구,25111448687,15000,TRANSFER,APPROVED,매장,2025.11.14 11:14,
밥친구,25111496290,16000,KAKAOPAY,APPROVED,매장,2025.11.14 11:24,
밥친구,25111474407,44000,KAKAOPAY,APPROVED,매장,2025.11.14 11:24,
밥친구,25111437689,28000,CARD,APPROVED,매장,2025.11.14 12:30,
밥친구,25111453207,13000,CARD,APPROVED,매장,2025.11.14 13:12,
밥친구,25111481095,9000,CARD,APPROVED,배달,2025.11.14 13:14,
밥친구,25111476928,12000,CARD,APPROVED,매장,2025.11.14 14:03,
밥친구,25111497352,23000,CASH,APPROVED,매장,2025.11.14 14:35,
밥친구,25111484836,11000,CASH,APPROVED,매장,2025.11.14 14:37,
밥친구,25111421151,12000,TRANSFER,APPROVED,매장,2025.11.14 15:18,
밥친구,25111431262,24000,CARD,APPROVED,배달,2025.11.14 15:29,
밥친구,25111426750,30000,CARD,APPROVED,배달,2025.11.14 17:10,
밥친구,25111464964,22000,CASH,APPROVED,매장,2025.11.14 17:12,
밥친구,25111443223,9000,KAKAOPAY,APPROVED,배달,2025.11.14 18:31,
밥친구,25111477051,19000,CARD,CANCELED,매장,2025.11.14 18:37,
밥친구,25111427547,10000,CARD,APPROVED,매장,2025.11.14 19:13,
밥친구,25111472501,46000,KAKAOPAY,APPROVED,매장,2025.11.14 20:25,
밥친구,25111476392,15000,KAKAOPAY,APPROVED,매장,2025.11.14 20:27,
밥친구,25111467151,5000,CARD,APPROVED,매장,2025.11.14 20:30,
밥친구,25111486099,10000,CASH,APPROVED,매장,2025.11.14 20:32,
밥친구,25111463035,27000,CARD,APPROVED,매장,2025.11.14 20:59,
밥친구,25111489537,20000,CARD,APPROVED,매장,2025.11.14 21:30,
밥친구,25111412974,15000,CASH,APPROVED,배달,2025.11.14 22:05,
밥친구,25111423146,29000,CARD,APPROVED,배달,2025.11.14 22:31,
밥친구,25111474227,6000,TRANSFER,APPROVED,매장,2025.11.14 22:35,
밥친구,25111485526,19000,CARD,APPROVED,배달,2025.11.14 23:25,
밥친구,25111596537,19000,KAKAOPAY,APPROVED,매장,2025.11.15 03:57,
밥친구,25111553052,10000,KAKAOPAY,APPROVED,매장,2025.11.15 08:06,
밥친구,25111590335,7000,CARD,APPROVED,매장,2025.11.15 10:27,
밥친구,25111563121,33000,CARD,APPROVED,매장,2025.11.15 10:47,
밥친구,25111586305,21000,CARD,APPROVED,배달,2025.11.15 11:23,
밥친구,25111570388,14000,KAKAOPAY,APPROVED,매장,2025.11.15 12:25,
밥친구,25111588753,19000,KAKAOPAY,APPROVED,매장,2025.11.15 12:31,
밥친구,25111555998,17000,CARD,APPROVED,배달,2025.11.15 13:53,
밥친구,25111550282,119000,CASH,APPROVED,매장,2025.11.15 14:58,
밥친구,25111591248,25000,CARD,APPROVED,매장,2025.11.15 15:32,
밥친구,25111599496,20000,CARD,APPROVED,매장,2025.11.15 15:53,
밥친구,25111583796,8000,KAKAOPAY,APPROVED,배달,2025.11.15 15:56,
밥친구,25111557980,22000,CARD,APPROVED,매장,2025.11.15 15:59,
밥친구,25111591698,11000,CARD,APPROVED,배달,2025.11.15 16:28,
밥친구,25111545211,29000,CARD,APPROVED,매장,2025.11.15 16:41,
밥친구,25111595407,5000,KAKAOPAY,APPROVED,배달,2025.11.15 17:02,
밥친구,25111584609,8000,CARD,APPROVED,매장,2025.11.15 17:31,
밥친구,25111587720,8000,CASH,APPROVED,매장,2025.11.15 17:35,
밥친구,25111574635,48000,CARD,APPROVED,매장,2025.11.15 18:11,
밥친구,25111528654,19000,CARD,APPROVED,매장,2025.11.15 18:15,
밥친구,25111535982,20000,CASH,APPROVED,매장,2025.11.15 18:26,
밥친구,25111532230,20000,KAKAOPAY,APPROVED,매장,2025.11.15 19:10,
밥친구,25111524126,12000,CASH,CANCELED,배달,2025.11.15 20:16,
밥친구,25111567510,10000,CASH,APPROVED,배달,2025.11.15 21:20,
밥친구,25111524073,5000,CARD,APPROVED,매장,2025.11.15 21:34,
밥친구,25111588857,13000,CASH,APPROVED,매장,2025.11.15 21:59,
밥친구,25111514023,26000,CARD,CANCELED,배달,2025.11.15 22:06,
밥친구,25111546654,18000,TRANSFER,APPROVED,배달,2025.11.15 22:41,
밥친구,25111605951,31000,KAKAOPAY,APPROVED,매장,2025.11.16 07:36,
밥친구,25111628381,16000,KAKAOPAY,APPROVED,배달,2025.11.16 07:47,
밥친구,25111600163,72000,CASH,APPROVED,매장,2025.11.16 09:18,
밥친구,25111618701,12000,CASH,APPROVED,매장,2025.11.16 09:49,
밥친구,25111689764,48000,CARD,APPROVED,배달,2025.11.16 10:30,
밥친구,25111683124,36000,CARD,APPROVED,매장,2025.11.16 10:36,
밥친구,25111690753,19000,KAKAOPAY,APPROVED,매장,2025.11.16 10:53,
밥친구,25111635568,83000,CARD,APPROVED,매장,2025.11.16 11:18,
밥친구,25111649852,13000,CASH,APPROVED,배달,2025.11.16 11:37,
밥친구,25111663857,10000,KAKAOPAY,APPROVED,매장,2025.11.16 11:49,
밥친구,25111656029,5000,CASH,APPROVED,매장,2025.11.16 11:51,
밥친구,25111650357,64000,KAKAOPAY,APPROVED,매장,2025.11.16 12:12,
밥친구,25111689779,42000,KAKAOPAY,CANCELED,배달,2025.11.16 12:29,
밥친구,25111613399,27000,CASH,APPROVED,매장,2025.11.16 12:34,
밥친구,25111633401,22000,CARD,APPROVED,매장,2025.11.16 12:39,
밥친구,25111667213,41000,CASH,APPROVED,매장,2025.11.16 13:03,
밥친구,25111650243,10000,CARD,APPROVED,배달,2025.11.16 13:26,
밥친구,25111617903,5000,CASH,APPROVED,매장,2025.11.16 13:28,
밥친구,25111689924,35000,KAKAOPAY,APPROVED,배달,2025.11.16 14:12,
밥친구,25111603424,18000,TRANSFER,APPROVED,매장,2025.11.16 14:21,
밥친구,25111626404,11000,CASH,APPROVED,매장,2025.11.16 14:52,
밥친구,25111663891,36000,CASH,APPROVED,매장,2025.11.16 15:06,
밥친구,25111637340,12000,CARD,APPROVED,배달,2025.11.16 16:18,
밥친구,25111685595,65000,CARD,APPROVED,매장,2025.11.16 16:29,
밥친구,25111672059,7000,CASH,APPROVED,매장,2025.11.16 17:32,
밥친구,25111646976,15000,KAKAOPAY,APPROVED,매장,2025.11.16 18:01,
밥친구,25111608463,33000,CASH,APPROVED,매장,2025.11.16 18:11,
밥친구,25111672866,111000,CARD,APPROVED,매장,2025.11.16 18:56,
밥친구,25111675485,25000,CASH,APPROVED,배달,2025.11.16 19:33,
밥친구,25111698852,32000,KAKAOPAY,APPROVED,매장,2025.11.16 19:49,
밥친구,25111637671,102000,KAKAOPAY,APPROVED,매장,2025.11.16 19:56,
밥친구,25111668513,5000,CASH,APPROVED,매장,2025.11.16 20:40,
밥친구,25111692350,28000,CASH,APPROVED,매장,2025.11.16 20:49,
밥친구,25111698408,105000,CARD,APPROVED,매장,2025.11.16 21:05,
밥친구,25111620983,16000,TRANSFER,APPROVED,매장,2025.11.16 21:09,
밥친구,25111669654,72000,TRANSFER,APPROVED,매장,2025.11.16 21:22,
밥친구,25111664754,34000,CARD,APPROVED,매장,2025.11.16 22:17,